{"train/loss_rpn_cls": 0.004866977443089127, "train/loss_rpn_bbox": 0.011278098773909733, "train/s0.loss_cls": 0.056965351942926644, "train/s0.acc": 98.0048828125, "train/s0.loss_bbox": 0.03471503966022283, "train/s1.loss_cls": 0.019613808603025973, "train/s1.acc": 98.62604187011719, "train/s1.loss_bbox": 0.030605504082050174, "train/s2.loss_cls": 0.008882703614071943, "train/s2.acc": 98.79314651489258, "train/s2.loss_bbox": 0.020840659278910607, "train/loss": 0.18776814505457878, "train/grad_norm": 1.5084113281965257, "learning_rate": 1.0000000000000002e-06, "momentum": 0.9, "_runtime": 62567, "_timestamp": 1633665709, "_step": 32621, "val/bbox_mAP": 0.437, "val/bbox_mAP_50": 0.562, "val/bbox_mAP_75": 0.469, "val/bbox_mAP_s": 0.036, "val/bbox_mAP_m": 0.062, "val/bbox_mAP_l": 0.507, "_wandb": {"runtime": 62647}}