{"train/loss_rpn_cls": 0.044348732829093934, "train/loss_rpn_bbox": 0.028655192386358976, "train/s0.loss_cls": 0.2911700926721096, "train/s0.acc": 91.947265625, "train/s0.loss_bbox": 0.12884519435465336, "train/s1.loss_cls": 0.14409592397511006, "train/s1.acc": 91.93559906005859, "train/s1.loss_bbox": 0.10571922324597835, "train/s2.loss_cls": 0.0658213073387742, "train/s2.acc": 92.49317337036133, "train/s2.loss_bbox": 0.05358569569885731, "train/loss": 0.8622413647174835, "train/grad_norm": 3.2107579612731936, "learning_rate": 0.0001, "momentum": 0.9, "_runtime": 2052, "_timestamp": 1633605194, "_step": 1100, "val/bbox_mAP": 0.136, "val/bbox_mAP_50": 0.241, "val/bbox_mAP_75": 0.134, "val/bbox_mAP_s": 0.016, "val/bbox_mAP_m": 0.019, "val/bbox_mAP_l": 0.163}