{"train/loss_rpn_cls": 0.00433548675471684, "train/loss_rpn_bbox": 0.009651682564290241, "train/s0.loss_cls": 0.0601142316032201, "train/s0.acc": 97.85546875, "train/s0.loss_bbox": 0.03631341658532619, "train/s1.loss_cls": 0.021700118051376192, "train/s1.acc": 98.49796478271485, "train/s1.loss_bbox": 0.034744263326283546, "train/s2.loss_cls": 0.010561358745908364, "train/s2.acc": 98.56688171386719, "train/s2.loss_bbox": 0.024793167035095393, "train/loss": 0.20221372555941344, "learning_rate": 1.0000000000000002e-06, "momentum": 0.9, "_runtime": 24979, "_timestamp": 1633467018, "_step": 13189, "val/bbox_mAP": 0.418, "val/bbox_mAP_50": 0.549, "val/bbox_mAP_75": 0.445, "val/bbox_mAP_s": 0.027, "val/bbox_mAP_m": 0.051, "val/bbox_mAP_l": 0.486, "_wandb": {"runtime": 25053}}