{"Cls_Loss": 0.10445022583007812, "Box_Loss": 0.0012919604778289795, "Loss": 0.1690482497215271, "_runtime": 52051, "_timestamp": 1633534348, "_step": 49, "_wandb": {"runtime": 52052}}