{"train/loss_rpn_cls": 0.044970255559310314, "train/loss_rpn_bbox": 0.02627280272077769, "train/s0.loss_cls": 0.2712580254673958, "train/s0.acc": 92.439453125, "train/s0.loss_bbox": 0.11664167284965515, "train/s1.loss_cls": 0.13762843810021877, "train/s1.acc": 92.11302490234375, "train/s1.loss_bbox": 0.10267769768834115, "train/s2.loss_cls": 0.06547029566019774, "train/s2.acc": 92.3540559387207, "train/s2.loss_bbox": 0.05565578917041421, "train/loss": 0.8205749750137329, "train/grad_norm": 2.9362676191329955, "learning_rate": 0.0001, "momentum": 0.9, "_runtime": 2040, "_timestamp": 1633421179, "_step": 1100, "val/bbox_mAP": 0.117, "val/bbox_mAP_50": 0.204, "val/bbox_mAP_75": 0.119, "val/bbox_mAP_s": 0.025, "val/bbox_mAP_m": 0.015, "val/bbox_mAP_l": 0.142, "_wandb": {"runtime": 2044}}