{"train/loss_rpn_cls": 0.057478405870497226, "train/loss_rpn_bbox": 0.03691078176256269, "train/s0.loss_cls": 0.31912201032042503, "train/s0.acc": 91.185546875, "train/s0.loss_bbox": 0.14563083305954933, "train/s1.loss_cls": 0.15584215633571147, "train/s1.acc": 91.24989334106445, "train/s1.loss_bbox": 0.12197771228849888, "train/s2.loss_cls": 0.07031555946916342, "train/s2.acc": 91.9373129272461, "train/s2.loss_bbox": 0.06006985034793615, "train/loss": 0.9673473018407822, "train/grad_norm": 3.5536908388137816, "learning_rate": 0.0001, "momentum": 0.9, "_runtime": 1866, "_timestamp": 1633410783, "_step": 1050, "_wandb": {"runtime": 1968}}