{"train/loss_rpn_cls": 0.1204663109779358, "train/loss_rpn_bbox": 0.04122352237813175, "train/s0.loss_cls": 0.3209777419269085, "train/s0.acc": 93.0048828125, "train/s0.loss_bbox": 0.1609144926071167, "train/s1.loss_cls": 0.10513238437473774, "train/s1.acc": 95.9443359375, "train/s1.loss_bbox": 0.06849416699260473, "train/s2.loss_cls": 0.032186662275344134, "train/s2.acc": 97.8681640625, "train/s2.loss_bbox": 0.01319428026676178, "train/loss": 0.8625895565748215, "learning_rate": 3.98602e-05, "momentum": 0.9, "_runtime": 361, "_timestamp": 1633503925, "_step": 200, "_wandb": {"runtime": 378}}