{"train/loss_rpn_cls": 0.6468769586086274, "train/loss_rpn_bbox": 0.050676328036934136, "train/s0.loss_cls": 1.0604901517927647, "train/s0.acc": 71.1767578125, "train/s0.loss_bbox": 0.1096628456003964, "train/s1.loss_cls": 0.4489028440415859, "train/s1.acc": 74.998046875, "train/s1.loss_bbox": 0.020479102400131524, "train/s2.loss_cls": 0.13652044453658163, "train/s2.acc": 83.423828125, "train/s2.loss_bbox": 0.008192840294213966, "train/loss": 2.481801538467407, "learning_rate": 9.890199999999994e-06, "momentum": 0.9, "_runtime": 52, "_timestamp": 1633426986, "_step": 50, "_wandb": {"runtime": 59}}