{"train/loss_rpn_cls": 0.011834583256568294, "train/loss_rpn_bbox": 0.01604667735402472, "train/s0.loss_cls": 0.1087834239192307, "train/s0.acc": 96.3046875, "train/s0.loss_bbox": 0.05509867997840047, "train/s1.loss_cls": 0.045919757075607776, "train/s1.acc": 96.91120834350586, "train/s1.loss_bbox": 0.05281796942465007, "train/s2.loss_cls": 0.02198963678907603, "train/s2.acc": 97.05995697021484, "train/s2.loss_bbox": 0.03529802925884724, "train/loss": 0.34778875470161436, "learning_rate": 1.0000000000000002e-06, "momentum": 0.9, "_runtime": 25623, "_timestamp": 1633502174, "_step": 13189, "val/bbox_mAP": 0.404, "val/bbox_mAP_50": 0.54, "val/bbox_mAP_75": 0.437, "val/bbox_mAP_s": 0.02, "val/bbox_mAP_m": 0.049, "val/bbox_mAP_l": 0.472, "_wandb": {"runtime": 25697}}