{"train/loss_rpn_cls": 0.009490625757025554, "train/loss_rpn_bbox": 0.015415585348382593, "train/s0.loss_cls": 0.09780800984241068, "train/s0.acc": 96.6875, "train/s0.loss_bbox": 0.055489255525171755, "train/s1.loss_cls": 0.038547705949749794, "train/s1.acc": 97.42014739990235, "train/s1.loss_bbox": 0.050240499204956, "train/s2.loss_cls": 0.018195203219074755, "train/s2.acc": 97.6153955078125, "train/s2.loss_bbox": 0.03331602566409856, "train/loss": 0.3185029124096036, "learning_rate": 1e-05, "momentum": 0.9, "_runtime": 22739, "_timestamp": 1633555761, "_step": 12040, "val/bbox_mAP": 0.447, "val/bbox_mAP_50": 0.579, "val/bbox_mAP_75": 0.48, "val/bbox_mAP_s": 0.042, "val/bbox_mAP_m": 0.091, "val/bbox_mAP_l": 0.516, "_wandb": {"runtime": 22835}}