{"Cls_Loss": 0.09047344326972961, "Box_Loss": 0.001455825986340642, "Loss": 0.16326475143432617, "_runtime": 40047, "_timestamp": 1633294175, "_step": 49, "_wandb": {"runtime": 40048}}