{"train/loss_rpn_cls": 0.043203389719128606, "train/loss_rpn_bbox": 0.027953730756416918, "train/s0.loss_cls": 0.29414657145738604, "train/s0.acc": 92.150390625, "train/s0.loss_bbox": 0.11873359752818942, "train/s1.loss_cls": 0.1476662777364254, "train/s1.acc": 91.85335144042969, "train/s1.loss_bbox": 0.1033576581440866, "train/s2.loss_cls": 0.068444479778409, "train/s2.acc": 92.26448944091797, "train/s2.loss_bbox": 0.054283702448010444, "train/loss": 0.8577894076704979, "train/grad_norm": 3.257352888584137, "learning_rate": 0.0001, "momentum": 0.9, "_runtime": 1863, "_timestamp": 1633416741, "_step": 1050, "_wandb": {"runtime": 1962}}