{"train/loss_rpn_cls": 0.032432761862874034, "train/loss_rpn_bbox": 0.021454448024742306, "train/s0.loss_cls": 0.21588312074542046, "train/s0.acc": 93.6123046875, "train/s0.loss_bbox": 0.08098061146214604, "train/s1.loss_cls": 0.10924878992140293, "train/s1.acc": 93.39969009399414, "train/s1.loss_bbox": 0.0788467800617218, "train/s2.loss_cls": 0.05396733427420258, "train/s2.acc": 93.29425827026367, "train/s2.loss_bbox": 0.044740707967430356, "train/loss": 0.6375545595586299, "train/grad_norm": 3.188264558315277, "learning_rate": 0.0001, "momentum": 0.9, "_runtime": 6590, "_timestamp": 1633349960, "_step": 3713}