{"train/loss_rpn_cls": 0.049190681893378496, "train/loss_rpn_bbox": 0.026415980141609906, "train/s0.loss_cls": 0.2847045521438122, "train/s0.acc": 92.3203125, "train/s0.loss_bbox": 0.12656996764242648, "train/s1.loss_cls": 0.13814169257879258, "train/s1.acc": 92.39372009277344, "train/s1.loss_bbox": 0.10559892423450946, "train/s2.loss_cls": 0.061269134283065796, "train/s2.acc": 93.07768142700195, "train/s2.loss_bbox": 0.05343693234026432, "train/loss": 0.845327867269516, "train/grad_norm": 3.180013906955719, "learning_rate": 0.0001, "momentum": 0.9, "_runtime": 1866, "_timestamp": 1633413428, "_step": 1050, "_wandb": {"runtime": 1968}}