{"train/loss_rpn_cls": 0.04823064366355538, "train/loss_rpn_bbox": 0.03142870800569653, "train/s0.loss_cls": 0.30522956475615504, "train/s0.acc": 91.9990234375, "train/s0.loss_bbox": 0.13727618478238582, "train/s1.loss_cls": 0.15063880145549774, "train/s1.acc": 91.79168579101562, "train/s1.loss_bbox": 0.11319957576692104, "train/s2.loss_cls": 0.06808866392821074, "train/s2.acc": 92.5060873413086, "train/s2.loss_bbox": 0.05585216544568539, "train/loss": 0.9099443191289902, "train/grad_norm": 3.281219155788422, "learning_rate": 0.0001, "momentum": 0.9, "_runtime": 1334, "_timestamp": 1633418493, "_step": 750, "_wandb": {"runtime": 1418}}