{"train/loss_rpn_cls": 0.061918319314718244, "train/loss_rpn_bbox": 0.03365874323993921, "train/s0.loss_cls": 0.3269941022992134, "train/s0.acc": 92.181640625, "train/s0.loss_bbox": 0.14672164689749478, "train/s1.loss_cls": 0.14528784178197385, "train/s1.acc": 92.81587417602539, "train/s1.loss_bbox": 0.10451760433614254, "train/s2.loss_cls": 0.0604657469317317, "train/s2.acc": 94.07318237304688, "train/s2.loss_bbox": 0.046043840125203135, "train/loss": 0.9256078487634659, "train/grad_norm": 3.5034019136428833, "learning_rate": 0.0001, "momentum": 0.9, "_runtime": 1068, "_timestamp": 1633414788, "_step": 600}