{"train/loss_rpn_cls": 0.007400557935179677, "train/loss_rpn_bbox": 0.011664313804358244, "train/s0.loss_cls": 0.08012276405468582, "train/s0.acc": 97.4609375, "train/s0.loss_bbox": 0.04397246591281146, "train/s1.loss_cls": 0.03181407764088363, "train/s1.acc": 97.9539405822754, "train/s1.loss_bbox": 0.04176586500834674, "train/s2.loss_cls": 0.014760039942339064, "train/s2.acc": 98.05823989868163, "train/s2.loss_bbox": 0.02733769973507151, "train/loss": 0.2588377841562033, "learning_rate": 1.0000000000000002e-06, "momentum": 0.9, "_runtime": 25007, "_timestamp": 1633529062, "_step": 13189, "val/bbox_mAP": 0.444, "val/bbox_mAP_50": 0.571, "val/bbox_mAP_75": 0.47, "val/bbox_mAP_s": 0.026, "val/bbox_mAP_m": 0.084, "val/bbox_mAP_l": 0.512, "_wandb": {"runtime": 25081}}