{"train/loss_rpn_cls": 0.005583412926571327, "train/loss_rpn_bbox": 0.010201211855164729, "train/s0.loss_cls": 0.06944048014469445, "train/s0.acc": 97.595703125, "train/s0.loss_bbox": 0.04046797631308437, "train/s1.loss_cls": 0.025129765141755342, "train/s1.acc": 98.32583694458008, "train/s1.loss_bbox": 0.038583698584698144, "train/s2.loss_cls": 0.01148158541880548, "train/s2.acc": 98.48168991088868, "train/s2.loss_bbox": 0.02575319822644815, "train/loss": 0.22664132639765738, "learning_rate": 1.0000000000000002e-06, "momentum": 0.9, "_runtime": 29697, "_timestamp": 1633603070, "_step": 15586, "val/bbox_mAP": 0.413, "val/bbox_mAP_50": 0.535, "val/bbox_mAP_75": 0.432, "val/bbox_mAP_s": 0.009, "val/bbox_mAP_m": 0.085, "val/bbox_mAP_l": 0.479, "_wandb": {"runtime": 29709}}