{"train/loss_rpn_cls": 0.038175294483080505, "train/loss_rpn_bbox": 0.027103195709642022, "train/s0.loss_cls": 0.2624597968161106, "train/s0.acc": 92.7109375, "train/s0.loss_bbox": 0.10233783546835185, "train/s1.loss_cls": 0.13369714863598348, "train/s1.acc": 92.3761604309082, "train/s1.loss_bbox": 0.09475015744566917, "train/s2.loss_cls": 0.06279445607215166, "train/s2.acc": 92.70135986328125, "train/s2.loss_bbox": 0.05161662913858891, "train/loss": 0.7729345238208771, "train/grad_norm": 3.156281061172485, "learning_rate": 0.0001, "momentum": 0.9, "_runtime": 3265, "_timestamp": 1633424926, "_step": 1749, "val/bbox_mAP": 0.142, "val/bbox_mAP_50": 0.252, "val/bbox_mAP_75": 0.14, "val/bbox_mAP_s": 0.0, "val/bbox_mAP_m": 0.025, "val/bbox_mAP_l": 0.17, "_wandb": {"runtime": 3346}}